UIN,Team,Score
629001385,Shilleh,-8.728045325779037
12345,Nice guy,-12.28695652173913
11552244,Tit For Tat,-10.097940560631198
54321,Tough guy,-8.691176470588236
